F1,FORM TYPE,FILER COMMITTEE ID NUMBER,CHANGE OF COMMITTEE NAME,COMMITTEE NAME,CHANGE OF ADDRESS,STREET 1,STREET 2,CITY,STATE,ZIP,CHANGE OF COMMITTEE EMAIL,COMMITTEE EMAIL,CHANGE OF COMMITTEE WEB URL,COMMITTEE WEB URL,EFFECTIVE DATE,SIGNATURE LAST NAME,SIGNATURE FIRST NAME,SIGNATURE MIDDLE NAME,SIGNATURE PREFIX,SIGNATURE SUFFIX,DATE SIGNED,5. COMMITTEE TYPE,5. CANDIDATE ID NUMBER,5. CANDIDATE LAST NAME,5. CANDIDATE FIRST NAME,5. CANDIDATE MIDDLE NAME,5. CANDIDATE PREFIX,5. CANDIDATE SUFFIX,5. CANDIDATE OFFICE ,5. CANDIDATE STATE,5. CANDIDATE DISTRICT,5. PARTY CODE,5. PARTY TYPE,5 (e). ORGANIZATION TYPE,5 (e). LOBBYIST/REGISTRANT PAC ,5 (f). LOBBYIST/REGISTRANT PAC ,5 (f). LEADERSHIP PAC,6. AFFILIATED CMTTE ID NUM,6. AFFILIATED CMTTE NAME,6. AFFILIATED CANDIDATE ID NUM,6. AFFILIATED LAST NAME,6. AFFILIATED FIRST NAME,6. AFFILIATED MIDDLE NAME,6. AFFILIATED PREFIX,6. AFFILIATED SUFFIX,6. AFFILIATED STREET 1,6. AFFILIATED STREET 2,6. AFFILIATED CITY,6. AFFILIATED STATE,6. AFFILIATED ZIP,"6. AFFILIATED RELATIONSHIP CODE (with Filing Committee named in field #4)",7. CUSTODIAN LAST NAME,7. CUSTODIAN FIRST NAME,7. CUSTODIAN MIDDLE NAME,7. CUSTODIAN PREFIX,7. CUSTODIAN SUFFIX,7. CUSTODIAN STREET 1,7. CUSTODIAN STREET 2,7. CUSTODIAN CITY,7. CUSTODIAN STATE,7. CUSTODIAN ZIP,7. CUSTODIAN TITLE,7. CUSTODIAN TELEPHONE,8. TREASURER LAST NAME,8. TREASURER FIRST NAME,8. TREASURER MIDDLE NAME,8. TREASURER PREFIX,8. TREASURER SUFFIX,8. TREASURER STREET 1,8. TREASURER STREET 2,8. TREASURER CITY,8. TREASURER STATE,8. TREASURER ZIP,8. TREASURER TITLE,8. TREASURER TELEPHONE,8. AGENT LAST NAME,8. AGENT FIRST NAME,8. AGENT MIDDLE NAME,8. AGENT PREFIX,8. AGENT SUFFIX,8. AGENT STREET 1,8. AGENT STREET 2,8. AGENT CITY,8. AGENT STATE,8. AGENT ZIP,8. AGENT TITLE,8. AGENT TELEPHONE,9. a) BANK NAME,9. a) BANK STREET 1,9. a) BANK STREET 2,9. a) BANK CITY,9. a) BANK STATE,9. a) BANK ZIP,9. b) BANK NAME,9. b) BANK STREET 1,9. b) BANK STREET 2,9. b) BANK CITY,9. b) BANK STATE,9. b) BANK ZIP,,,,,,,,,,,,,,,,,,,,,,,,,,,,,,,,,,,,,,,,,,,,,,,,,,,,,,,,,,,,,,,,,,,,,,,,,,,,,,,,,,,,,,,,,,,,,,,,,,,,,,,,,,,
F1S,FORM TYPE,FILER COMMITTEE ID NUMBER,5. JOINT FUND PARTICIPANT CMTTE NAME,5. JOINT FUND PARTICIPANT CMTTE FEC-ID ,6. AFFILIATED CMTTE ID NUM,6. AFFILIATED CMTTE NAME,6. AFFILIATED CANDIDATE ID NUM,6. AFFILIATED LAST NAME,6. AFFILIATED FIRST NAME,6. AFFILIATED MIDDLE NAME,6. AFFILIATED PREFIX,6. AFFILIATED SUFFIX,6. AFFILIATED STREET 1,6. AFFILIATED STREET 2,6. AFFILIATED CITY,6. AFFILIATED STATE,6. AFFILIATED ZIP,"6. AFFILIATED RELATIONSHIP CODE (with Filing Committee named in field #4)",8. AGENT LAST NAME,8. AGENT FIRST NAME,8. AGENT MIDDLE NAME,8. AGENT PREFIX,8. AGENT SUFFIX,8. AGENT STREET 1,8. AGENT STREET 2,8. AGENT CITY,8. AGENT STATE,8. AGENT ZIP,8. AGENT TITLE,8. AGENT TELEPHONE,9. BANK NAME,9. BANK STREET 1,9. BANK STREET 2,9. BANK CITY,9. BANK STATE,9. BANK ZIP,,,,,,,,,,,,,,,,,,,,,,,,,,,,,,,,,,,,,,,,,,,,,,,,,,,,,,,,,,,,,,,,,,,,,,,,,,,,,,,,,,,,,,,,,,,,,,,,,,,,,,,,,,,,,,,,,,,,,,,,,,,,,,,,,,,,,,,,,,,,,,,,,,,,,,,,,,,,,,,,,,,,,,,,,,
F1M,FORM TYPE ,FILER COMMITTEE ID NUMBER,COMMITTEE NAME,STREET  1,STREET  2,CITY,STATE,ZIP,COMMITTEE TYPE,AFFILIATED - DATE FORM F1 FILED,AFFILIATED COMMITTEE FEC ID,AFFILIATED COMMITTEE NAME,I CANDIDATE ID NUMBER,I CANDIDATE LAST NAME,I CANDIDATE FIRST NAME,I CANDIDATE MIDDLE NAME,I CANDIDATE PREFIX,I CANDIDATE SUFFIX,I CANDIDATE OFFICE,I CANDIDATE STATE ,I CANDIDATE DIST,I DATE OF CONTRIBUTION,II CANDIDATE ID NUMBER,II CANDIDATE LAST NAME,II CANDIDATE FIRST NAME,II CANDIDATE MIDDLE NAME,II CANDIDATE PREFIX,II CANDIDATE SUFFIX,II CANDIDATE OFFICE,II CANDIDATE STATE ,II CANDIDATE DIST,II DATE OF CONTRIBUTION,III CANDIDATE ID NUMBER,III CANDIDATE LAST NAME,III CANDIDATE FIRST NAME,III CANDIDATE MIDDLE NAME,III CANDIDATE PREFIX,III CANDIDATE SUFFIX,III CANDIDATE OFFICE,III CANDIDATE STATE ,III CANDIDATE DIST,III DATE OF CONTRIBUTION,IV CANDIDATE ID NUMBER,IV CANDIDATE LAST NAME,IV CANDIDATE FIRST NAME,IV CANDIDATE MIDDLE NAME,IV CANDIDATE PREFIX,IV CANDIDATE SUFFIX,IV CANDIDATE OFFICE,IV CANDIDATE STATE ,IV CANDIDATE DIST,IV DATE OF CONTRIBUTION,V CANDIDATE ID NUMBER,V CANDIDATE LAST NAME,V CANDIDATE FIRST NAME,V CANDIDATE MIDDLE NAME,V CANDIDATE PREFIX,V CANDIDATE SUFFIX,V CANDIDATE OFFICE,V CANDIDATE STATE ,V CANDIDATE DIST,V DATE OF CONTRIBUTION,DATE (Of 51st Contributor),DATE (Of Orig Registration),DATE (Cmte Met Requirements),TREASURER LAST NAME,TREASURER FIRST NAME,TREASURER MIDDLE NAME,TREASURER PREFIX,TREASURER SUFFIX,DATE SIGNED,,,,,,,,,,,,,,,,,,,,,,,,,,,,,,,,,,,,,,,,,,,,,,,,,,,,,,,,,,,,,,,,,,,,,,,,,,,,,,,,,,,,,,,,,,,,,,,,,,,,,,,,,,,,,,,,,,,,,,,,,,,,,,,,,,,,,,,
F2,FORM TYPE,FILER CANDIDATE ID NUMBER,CANDIDATE LAST NAME,CANDIDATE FIRST NAME,CANDIDATE MIDDLE NAME,CANDIDATE PREFIX,CANDIDATE SUFFIX,CHANGE OF ADDRESS,CANDIDATE STREET 1,CANDIDATE STREET 2,CANDIDATE CITY,CANDIDATE STATE,CANDIDATE ZIP,CANDIDATE PARTY CODE,CANDIDATE OFFICE,CANDIDATE STATE  ,CANDIDATE DISTRICT,YEAR OF ELECTION 1900-2999,PCC COMMITTEE ID NUMBER,PCC COMMITTEE NAME,PCC STREET 1,PCC STREET 2,PCC CITY,PCC STATE,PCC ZIP,AUTH COMMITTEE ID NUMBER,AUTH COMMITTEE NAME,AUTH STREET 1,AUTH STREET 2,AUTH CITY,AUTH STATE,AUTH ZIP,CANDIDATE SIGNATURE LAST NAME,CANDIDATE SIGNATURE FIRST NAME,CANDIDATE SIGNATURE MIDDLE NAME,CANDIDATE SIGNATURE PREFIX,CANDIDATE SIGNATURE SUFFIX,DATE SIGNED,,,,,,,,,,,,,,,,,,,,,,,,,,,,,,,,,,,,,,,,,,,,,,,,,,,,,,,,,,,,,,,,,,,,,,,,,,,,,,,,,,,,,,,,,,,,,,,,,,,,,,,,,,,,,,,,,,,,,,,,,,,,,,,,,,,,,,,,,,,,,,,,,,,,,,,,,,,,,,,,,,,,,,,,
F2S,FORM TYPE,FILER CANDIDATE ID NUMBER,AUTH COMMITTEE ID NUMBER,AUTH COMMITTEE NAME,AUTH STREET 1,AUTH STREET 2,AUTH CITY,AUTH STATE,AUTH ZIP,,,,,,,,,,,,,,,,,,,,,,,,,,,,,,,,,,,,,,,,,,,,,,,,,,,,,,,,,,,,,,,,,,,,,,,,,,,,,,,,,,,,,,,,,,,,,,,,,,,,,,,,,,,,,,,,,,,,,,,,,,,,,,,,,,,,,,,,,,,,,,,,,,,,,,,,,,,,,,,,,,,,,,,,,,,,,,,,,,,,,,,,,,,,,,,,,,,,,
F24,FORM TYPE,FILER COMMITTEE ID NUMBER,REPORT TYPE {24/48 Hour},COMMITTEE NAME       ,STREET 1,STREET 2,CITY,STATE,ZIP,TREASURER LAST NAME,TREASURER FIRST NAME,TREASURER MIDDLE NAME,TREASURER PREFIX,TREASURER SUFFIX,DATE SIGNED,,,,,,,,,,,,,,,,,,,,,,,,,,,,,,,,,,,,,,,,,,,,,,,,,,,,,,,,,,,,,,,,,,,,,,,,,,,,,,,,,,,,,,,,,,,,,,,,,,,,,,,,,,,,,,,,,,,,,,,,,,,,,,,,,,,,,,,,,,,,,,,,,,,,,,,,,,,,,,,,,,,,,,,,,,,,,,,,,,,,,,,,,,,,,,,
F3,FORM TYPE,FILER COMMITTEE ID NUMBER,COMMITTEE NAME,CHANGE OF ADDRESS,STREET  1,STREET  2,CITY,STATE,ZIP,ELECTION STATE,ELECTION DISTRICT,REPORT CODE,ELECTION CODE  {was RPTPGI},DATE OF ELECTION,STATE OF ELECTION,COVERAGE FROM DATE,COVERAGE THROUGH DATE,TREASURER LAST NAME,TREASURER FIRST NAME,TREASURER MIDDLE NAME,TREASURER PREFIX,TREASURER SUFFIX,DATE SIGNED,(6a) Total Contributions (NO Loans),(6b) Total Contribution Refunds,(6c) Net Contributions,(7a) Total Operating Expenditures,(7b) Total Offset to Operating Expenditures,(7c) NET Operating Expenditures.,8. CASH ON HAND AT CLOSE ...,9. DEBTS TO ( Totals from SCH C and/or D),10. DEBTS BY (Totals from SCH C and/or D),11(a i.) Individuals Itemized,11(a.ii) Individuals Unitemized,11(a.iii) Individual Contribution Total,11(b) Political Party Committees,11(c) Other Political Committees,11(d) The Candidate,11(e) Total Contributions,12. Transfers  From Other Authorized Cmttes,13(a) Loans made or guarn. by the Candidate,13(b) All Other Loans,13(c) Total Loans,14. Offsets to Operating Expenditures,15. Other Receipts,16. Total Receipts,17. Operating Expenditures,18. Transfers to Other Authorized Committees,19(a) Of Loans made or guar. by the Cand.,"19(b) Loan Repayments, All Other Loans",19(c) Total Loan Repayments,20(a) Refund/Individuals Other than Pol. Cmtes,20(b) Refund/Political Party Committees,20(c) Refund/Other Political Committees,20(d) Total Contribution Refunds,21. Other Disbursements,22. Total Disbursements,23. Cash Beginning Reporting Period,24. Total Receipts this Period,25. Subtotals,26. Total Disbursements this Period,27. Cash on hand at Close Period,(6a) Total Contributions (No Loans),(6b) Total Contribution Refunds,(6c) Net Contributions,(7a) Total Operating Expenditures,(7b) Total Offsets to Operating Expenditures,(7c) NET Operating Expenditures.,11(a i.) Individuals Itemized,11(a.ii) Individuals Unitemized,11(a.iii) Individuals Total,11(b) Political Party Committees,11(c) All Other Political Committees (PACS),11(d) The Candidate,11(e) Total Contributions,12. Transfers From Other AUTH Committees,13(a) Loans made or guarn. by the Candidate,13(b) All Other Loans,13(c) Total Loans,14. Offsets to Operating Expenditures,15. Other Receipts,16. Total Receipts,17 Operating Expenditures,18. Transfers To Other AUTH Committees,19(a) Loan Repayment By Candidate,"19(b) Loan Repayments,  ALL Other Loans",19(c) Total Loan Repayments,20(a) Refund/Individuals Other than Pol. Cmtes,"20(b) Refund, Political Party Committees","20(c) Refund, Other Political Committees",20(d) Total Contributions Refunds,21. Other Disbursements,22. Total Disbursements,,,,,,,,,,,,,,,,,,,,,,,,,,,,,,,,,,,,,,,,,,,,,,,,,,,,,,,,,,,,,,,,,,,,,,,,,,,,,,,,,,,,,,,,,,,,,,,,,,,,,,,,,,,,,,,,,
F3S,FORM TYPE,FILER COMMITTEE ID NUMBER,Date - General Election,Date - Day after General Election,(6a) Total Contributions (No Loans),(6b) Total Contribution Refunds,(6c) Net Contributions,(7a) Total Operating Expenditures,(7b) Total Offsets to Operating Expenditures,(7c) NET Operating Expenditures.,11(a i.) Individuals Itemized,11(a.ii) Individuals Unitemized,11(a.iii) Individuals Total,11(b) Political Party Committees,11(c) All Other Political Committees (PACS),11(d) The Candidate,11(e) Total Contributions,12. Transfers From Other AUTH Committees,13(a) Loans made or guarn. by the Candidate,13(b) All Other Loans,13(c) Total Loans,14. Offsets to Operating Expenditures,15. Other Receipts,16. Total Receipts,17 Operating Expenditures,18. Transfers To Other AUTH Committees,19(a) Loan Repayment By Candidate,"19(b) Loan Repayments,  ALL Other Loans",19(c) Total Loan Repayments,20(a) Refund/Individuals Other than Pol. Cmtes,"20(b) Refund, Political Party Committees","20(c) Refund, Other Political Committees",20(d) Total Contributions Refunds,21. Other Disbursements,22. Total Disbursements,,,,,,,,,,,,,,,,,,,,,,,,,,,,,,,,,,,,,,,,,,,,,,,,,,,,,,,,,,,,,,,,,,,,,,,,,,,,,,,,,,,,,,,,,,,,,,,,,,,,,,,,,,,,,,,,,,,,,,,,,,,,,,,,,,,,,,,,,,,,,,,,,,,,,,,,,,,,,,,,,,,,,,,,,,,
F3Z,FORM TYPE,FILER COMMITTEE ID NUMBER (PCC),COMMITTEE NAME (PCC),COVERAGE FROM DATE,COVERAGE THROUGH DATE,COMMITTEE ID NUMBER (Auth),COMMITTEE NAME (Auth),(a) 11(a)iii individuals total,(b) 11(b) Political party committees,(c) 11(c) other pol. committees (PACs),(d) 11(d) the candidate,(e) 11(e) total contributions,(f) 12. Transfers from other auth cmtes,(g) 13(a) made or guarn. by candidate,(h) 13(b) all other loans,(i) 13(c) total loans,(j) 14. offsets to operating expend,(k) 15. Other receipts,(l) 16. total receipts,(m) 17. Operating Expenditures,(n) 18. Transfers to other auth cmtes,(o) 19(a) made or guaranteed by cand,(p) 19(b) all other loans,(q) 19(c) total loan repayments,(r) 20(a)  total refunds individuals,(s) 20(b) Refunds Political Pty cmtes,(t) 20(c) Refunds other Polit. cmtes,(u) 20(d) total contribution refunds,(v) 21. Other disbursements,(w) 22. Total disbursements,(x) 23. COH beginning reporting period,(y) 27. COH at close of period,(z)  9. Debts to,(aa) 12. Debts by,(bb) 6(c) net contributions,(cc) 7(c) net operating expenditures,,,,,,,,,,,,,,,,,,,,,,,,,,,,,,,,,,,,,,,,,,,,,,,,,,,,,,,,,,,,,,,,,,,,,,,,,,,,,,,,,,,,,,,,,,,,,,,,,,,,,,,,,,,,,,,,,,,,,,,,,,,,,,,,,,,,,,,,,,,,,,,,,,,,,,,,,,,,,,,,,,,,,,,,,,
F3P,FORM TYPE,FILER COMMITTEE ID NUMBER,COMMITTEE NAME,CHANGE OF ADDRESS,STREET  1,STREET  2,CITY,STATE,ZIP,ACTIVITY PRIMARY,ACTIVITY GENERAL,REPORT CODE,ELECTION CODE  {was RPTPGI},DATE OF ELECTION,STATE OF ELECTION,COVERAGE FROM DATE,COVERAGE THROUGH DATE,TREASURER LAST NAME,TREASURER FIRST NAME,TREASURER MIDDLE NAME,TREASURER PREFIX,TREASURER SUFFIX,DATE SIGNED,6.  Cash on Hand Beginning Period,7.  Total Receipts,8.  Subtotal,9.  Total Disbursements,10.  Cash on Hand Close of Period,11.  Debts to,12.  Debts by,13.  Expenditures Subject to Limits,14.  Net Contributions,15.  Net Operating Expenditures,16. Federal Funds,17(a.i) Individuals Itemized,17(a.ii) Individuals Unitemized,17(a.iii) Individual Contribution Total,17(b) Political Party Committees,17(c) Other Political Committees (PACs),17(d) The Candidate,17(e) Total Contributions,18. Transfers From Aff/Other Party Cmttees,19(a) Received from or Guaranteed by Cand.,19(b) Other Loans,19(c) Total Loans,20(a) Operating,20(b) Fundraising,20(c) Legal and Accounting,20(d) Total offsets to Expenditures,21. Other Receipts,22. Total Receipts,23. Operating Expenditures,24. Transfers to Other Authorized Committees,25. Fundraising Disbursements,26. Exempt Legal & Accounting Disbursement,27(a) Made or guaranteed by Candidate,27(b) Other Repayments,27(c) Total Loan Repayments Made,28(a) Individuals,28(b) Political Party Committees,28(c) Other Political Committees,28(d) Total Contributions Refunds,29. Other Disbursements,30. Total Disbursements,31. Items on Hand to be Liquidated,ALABAMA,ALASKA,ARIZONA,ARKANSAS,CALIFORNIA,COLORADO,CONNECTICUT,DELAWARE,DIST OF COLUMBIA,FLORIDA,GEORGIA, HAWAII,IDAHO,ILLINOIS,INDIANA,IOWA,KANSAS,KENTUCKY,LOUISIANA,MAINE,MARYLAND,MASSACHUSETTS,MICHIGAN,MINNESOTA,MISSISSIPPI,MISSOURI, MONTANA,NEBRASKA,NEVADA,NEW HAMPSHIRE,NEW JERSEY,NEW MEXICO,NEW YORK,NORTH CAROLINA,NORTH DAKOTA,OHIO,OKLAHOMA,OREGON,PENNSYLVANIA,RHODE ISLAND,SOUTH CAROLINA,SOUTH DAKOTA,TENNESSEE,TEXAS,UTAH,VERMONT,VIRGINIA,WASHINGTON,WEST VIRGINIA,WISCONSIN,WYOMING,PUERTO RICO,GUAM,VIRGIN ISLANDS,TOTALS,16. Federal Funds,17(a.i) Individuals Itemized,17(a.ii) Individuals Unitemized,17(a.iii) Individual Contribution Total,17(b) Political Party Committees,17(c) Other Political Committees (PACs),17(d) The Candidate,17(e) Total contributions  (Other than Loans),18. Transfers From Aff/Other Party Cmttees,19(a) Received from or Guaranteed  by Cand.,19(b) Other Loans,19(c) Total Loans,20(a) Operating,20(b) Fundraising,20(c) Legal and Accounting,20(d) Total Offsets to Operating Expenditures,21. Other Receipts,22. Total Receipts,23. Operating Expenditures,24. Transfers to Other Authorized Committees,25. Fundraising Disbursements,26. Exempt Legal & Accounting Disbursement,27(a) Made or Guaranteed by the Candidate,27(b) Other Repayments,27(c) Total Loan Repayments Made,28(a)  Individuals,28(b) Political Party Committees,28(c) Other Political Committees,28(d) Total Contributions Refunds,29. Other Disbursements,30. Total Disbursements,ALABAMA,ALASKA,ARIZONA,ARKANSAS,CALIFORNIA,COLORADO,CONNECTICUT,DELAWARE,DIST OF COLUMBIA,FLORIDA,GEORGIA,HAWAII,IDAHO,ILLINOIS,INDIANA,IOWA,KANSAS,KENTUCKY,LOUISIANA,MAINE,MARYLAND,MASSACHUSETTS,MICHIGAN,MINNESOTA,MISSISSIPPI,MISSOURI,MONTANA,NEBRASKA,NEVADA,NEW HAMPSHIRE,NEW JERSEY,NEW MEXICO,NEW YORK,NORTH CAROLINA,NORTH DAKOTA,OHIO,OKLAHOMA,OREGON,PENNSYLVANIA,RHODE ISLAND,SOUTH CAROLINA,SOUTH DAKOTA,TENNESSEE,TEXAS,UTAH,VERMONT,VIRGINIA,WASHINGTON,WEST VIRGINIA,WISCONSIN,WYOMING,PUERTO RICO,GUAM,VIRGIN ISLANDS,TOTALS
F3PS,FORM TYPE,FILER COMMITTEE ID NUMBER,Date - General Election,Date - Day after General Election,14. Net Contributions,15. Net Expenditures,16. Federal Funds,17(a.i) Individuals Itemized,17(a.ii) Individuals Unitemized,17(a.iii) Individual Contribution Total,17(b) Political Party Committees,17(c) Other Political Committees (PACs),17(d) The Candidate,17(e) Total contributions  (Other than Loans),18. Transfers From Aff/Other Party Committees,19(a) Received from or Guaranteed  by Candidate,19(b) Other Loans,19(c) Total Loans,20(a) Operating,20(b) Fundraising,20(c) Legal and Accounting,20(d) Total Offsets to Operating Expenditures,21. Other Receipts,22. Total Receipts,23. Operating Expenditures,24. Transfers to Other Authorized Committees,25. Fundraising Disbursements,26. Exempt Legal and Accounting Disbursements,27(a) Made or Guaranteed by the Candidate,27(b) Other Repayments,27(c) Total Loan Repayments Made,28(a)  Individuals,28(b) Political Party Committees,28(c) Other Political Committees,28(d) Total Contributions Refunds,29. Other Disbursements,30. Total Disbursements,ALABAMA,ALASKA,ARIZONA,ARKANSAS,CALIFORNIA,COLORADO,CONNECTICUT,DELAWARE,DIST OF COLUMBIA,FLORIDA,GEORGIA,HAWAII,IDAHO,ILLINOIS,INDIANA,IOWA,KANSAS,KENTUCKY,LOUISIANA,MAINE,MARYLAND,MASSACHUSETTS,MICHIGAN,MINNESOTA,MISSISSIPPI,MISSOURI,MONTANA,NEBRASKA,NEVADA,NEW HAMPSHIRE,NEW JERSEY,NEW MEXICO,NEW YORK,NORTH CAROLINA,NORTH DAKOTA,OHIO,OKLAHOMA,OREGON,PENNSYLVANIA,RHODE ISLAND,SOUTH CAROLINA,SOUTH DAKOTA,TENNESSEE,TEXAS,UTAH,VERMONT,VIRGINIA,WASHINGTON,WEST VIRGINIA,WISCONSIN,WYOMING,PUERTO RICO,GUAM,VIRGIN ISLANDS,TOTALS,,,,,,,,,,,,,,,,,,,,,,,,,,,,,,,,,,,,,,,,,,,,,,,,,,,,,,,,,,,,,,,,,,,,,,,,,,,,,,,,,,,,,,,,,,,,,,,,,,,,,,,,,,,,,,,,,,
F3P31,FORM TYPE,FILER COMMITTEE ID NUMBER,TRANSACTION ID NUMBER,ENTITY TYPE,CONTRIBUTOR ORGANIZATION NAME ,CONTRIBUTOR LAST NAME,CONTRIBUTOR FIRST NAME,CONTRIBUTOR MIDDLE NAME,CONTRIBUTOR PREFIX,CONTRIBUTOR SUFFIX,CONTRIBUTOR STREET  1,CONTRIBUTOR STREET  2,CONTRIBUTOR CITY,CONTRIBUTOR STATE,CONTRIBUTOR ZIP,ELECTION CODE  {was RPTPGI},ITEM DESCRIPTION,ITEM CONTRIBUTION/AQUIRED DATE ,ITEM FAIR MARKET VALUE,CONTRIBUTOR EMPLOYER,CONTRIBUTOR OCCUPATION,MEMO CODE,MEMO TEXT/DESCRIPTION,,,,,,,,,,,,,,,,,,,,,,,,,,,,,,,,,,,,,,,,,,,,,,,,,,,,,,,,,,,,,,,,,,,,,,,,,,,,,,,,,,,,,,,,,,,,,,,,,,,,,,,,,,,,,,,,,,,,,,,,,,,,,,,,,,,,,,,,,,,,,,,,,,,,,,,,,,,,,,,,,,,,,,,,,,,,,,,,,,,,,,,
F3X,FORM TYPE,FILER COMMITTEE ID NUMBER,COMMITTEE NAME,CHANGE OF ADDRESS,STREET  1,STREET  2,CITY,STATE,ZIP,REPORT CODE,ELECTION CODE  {was RPTPGI},DATE OF ELECTION,STATE OF ELECTION,COVERAGE FROM DATE,COVERAGE THROUGH DATE,QUALIFIED COMMITTEE,TREASURER LAST NAME,TREASURER FIRST NAME,TREASURER MIDDLE NAME,TREASURER PREFIX,TREASURER SUFFIX,DATE SIGNED,6(b) Cash on Hand beginning,6(c) Total Receipts,6(d) Subtotal,7. Total Disbursements,8. Cash on Hand at Close,9. Debts to,10. Debts by,11(a)i  Itemized,11(a)ii  Unitemized,11(a)iii Total,11(b) Political Party Committees,11(c) Other Political Committees (PACs),11(d) Total Contributions,12. Transfers from Affiliated/Other Party Cmtes,13. All Loans Received,14. Loan Repayments Received,15. Offsets to Operating Expenditures (refunds),16. Refunds of Federal Contributions,17. Other Federal Receipts (dividends),18(a) Transfers from Nonfederal Account (H3),18(b) Transfers from Non-Federal (Levin - H5),18(c) Total Non-Federal Transfers (18a+18b),19. Total Receipts,20. Total Federal Receipts,21(a)i  Federal Share,21(a)ii  Non-Federal Share,21(b)  Other Federal Operating Expenditures,21(c)  Total Operating Expenditures,22. Transfers to Affiliated/Other Party Cmtes,23. Contributions to Federal Candidates/Cmtes,24. Independent Expenditures,25. Coordinated Expend made by Party Cmtes,26. Loan Repayments,27. Loans Made,28(a) Individuals/Persons,28(b) Political Party Committees,28(c) Other Political Committees,28(d) Total Contributions Refunds,29. Other Disbursements,30(a)i  Shared Federal Activity (H6) Fed Share,30(a)ii Shared Federal Activity (H6) Non-Fed,30(b) Non-Allocable 100% Fed Election Activity,30(c) Total Federal Election Activity,31. Total Disbursements,32. Total Federal Disbursements,33. Total Contributions,34. Total Contribution Refunds,35. Net Contributions,36. Total Federal Operating Expenditures,37. Offsets to Operating Expenditures,38. Net Operating Expenditures," 6(a) Cash on Hand Jan 1, 19",Year for Above,6(c) Total Receipts,6(d) Subtotal,7. Total disbursements,8. Cash on Hand Close,11(a)i  Itemized,11(a)ii  Unitemized,11(a)iii Total,11(b) Political Party committees,11(c) Other Political Committees  (PACs),11(d) Total Contributions,12. Transfers from Affiliated/Other Party Cmtes,13. All Loans Received,14. Loan Repayments Received,15. Offsets to Operating Expenditures (refunds),16. Refunds of Federal Contributions,17. Other Federal Receipts (dividends),18(a) Transfers from Nonfederal Account (H3),18(b) Transfers from Non-Federal (Levin - H5),18(c) Total Non-Federal Transfers (18a+18b),19. Total Receipts,20. Total Federal Receipts,21(a)i Federal Share,21(a)ii Non-Federal Share,21(b) Other Federal Operating Expenditures,21(c) Total operating Expenditures,22. Transfers to Affiliated/Other Party Cmtes,23. Contributions to Federal Candidates/Cmtes,24. Independent Expenditures,25. Coordinated Expend made by Party Cmtes,26. Loan Repayments Made,27. Loans Made,28(a) Individuals/Persons,28(b) Political Party Committees,28(c) Other Political  Committees,28(d) Total contributions Refunds,29. Other Disbursements,30(a)i  Shared Federal Activity (H6) Fed Share,30(a)ii Shared Federal Activity (H6) Non-Fed,30(b) Non-Allocable 100% Fed Election Activity,30(c) Total Federal Election Activity,31. Total Disbursements,32. Total Federal Disbursements,33. Total Contributions,34. Total Contribution Refunds,35. Net contributions,36. Total Federal Operating Expenditures,37. Offsets to Operating Expenditures,38. Net Operating Expenditures,,,,,,,,,,,,,,,,,,,,,,,,,,,,,,,,,,,,,,,,,,,,,,,,,,,,,,,,,,,,,,,,,,,,,,,,,,,,,,,,,,,
F3L,FORM TYPE,FILER COMMITTEE ID NUMBER,COMMITTEE NAME,CHANGE OF ADDRESS,STREET  1,STREET  2,CITY,STATE,ZIP,ELECTION STATE,ELECTION DISTRICT,REPORT CODE,DATE OF ELECTION,STATE OF ELECTION,SEMI-ANNUAL PERIOD - Sect 5(c) or (d),COVERAGE FROM DATE,COVERAGE THROUGH DATE,SEMI-ANNUAL JAN-JUN - Sect 6(b),SEMI-ANNUAL JUL-DEC - Sect 6(b),QTR/MON/POST BUNDLED CONTRIBUTIONS,SEMI-ANNUAL BUNDLED CONTRIBS,TREASURER LAST NAME,TREASURER FIRST NAME,TREASURER MIDDLE NAME,TREASURER PREFIX,TREASURER SUFFIX,DATE SIGNED,,,,,,,,,,,,,,,,,,,,,,,,,,,,,,,,,,,,,,,,,,,,,,,,,,,,,,,,,,,,,,,,,,,,,,,,,,,,,,,,,,,,,,,,,,,,,,,,,,,,,,,,,,,,,,,,,,,,,,,,,,,,,,,,,,,,,,,,,,,,,,,,,,,,,,,,,,,,,,,,,,,,,,,,,,,,,,,,,,,
F4,FORM TYPE,FILER COMMITTEE ID NUMBER,COMMITTEE NAME,STREET  1,STREET  2,CITY,STATE,ZIP,COMMITTEE/ORG TYPE,COMMITTEE/ORG TYPE - OTHER DESCRIPTION,REPORT CODE,COVERAGE FROM DATE,COVERAGE THROUGH DATE,TREASURER LAST NAME,TREASURER FIRST NAME,TREASURER MIDDLE NAME,TREASURER PREFIX,TREASURER SUFFIX,DATE SIGNED,6.(b) cash on hand beg. report per.,6.(c) Total receipts,6.(d) Subtotal,7. Total disbursements,8. COH CLOSE,9. Debts to,10. Debts by,11. Convention expenditures,12. refunds/rebates/returns relating to conv exp.,12(a) Expenditures subject to limits,12(b) expend. from prior years subject to limits,13. Federal Funds SCH A,14(a) Itemized,14(b) unitemized,14(c) subtotal,15. Transfers from affiliated cmtes.,16(a) loans received,16(b) loan repayments received,16(c) subtotal loans/repayments,17(a) Itemized,17(b) unitemized,17(c) subtotal,18(a) Itemized,18(b) unitemized,18(c) subtotal,19(a) Itemized,19(b) unitemized,19(c) subtotal,20. total receipts,21(a) Itemized,21(b) unitemized,21(c) subtotal,22. Transfers to Affiliated Cmtes,23(a) loans made,23(b) loan repayments made,23(c) subtotal,24(a) Itemized,24(b) unitemized,24(c) subtotal,25. Total disbursements,6.(a) Cash on Hand,6.(a) 19 -- (YEAR),6.(c) Total receipts,6.(d) Subtotal,7. Total disbursements,8. COH CLOSE,11. Convention expenditures,12. refunds/rebates/returns relating to conv exp.,12(a) Expenditures subject to limits,12(b) expend. from prior years subject to limits,12(c) total expenditures subject to limits,13. Federal Funds,14(c) subtotal,15. Transfers from affiliated cmtes.,16(c) subtotal loans/repayments,17(c) subtotal,18(c) subtotal,19(c) subtotal,20. total receipts,21(c) subtotal,22. Transfers to Affiliated Cmtes,23(c) subtotal,24(c) subtotal,25. Total disbursements,,,,,,,,,,,,,,,,,,,,,,,,,,,,,,,,,,,,,,,,,,,,,,,,,,,,,,,,,,,,,,,,,,,,,,,,,,,,,,,,,,,,,,,,,,,,,,,,,,,,,,,,,,,,,,,,,,,,,,,,,,,
F5,FORM TYPE,FILER'S FEC ID NUMBER,ENTITY TYPE,ORGANIZATION NAME,INDIVIDUAL LAST NAME,INDIVIDUAL FIRST NAME,INDIVIDUAL MIDDLE NAME,INDIVIDUAL PREFIX,INDIVIDUAL SUFFIX,CHANGE OF ADDRESS,STREET  1,STREET  2,CITY,STATE,ZIP,YES/NO (Qualified Non-Profit Corporation),INDIVIDUAL EMPLOYER,INDIVIDUAL OCCUPATION,REPORT CODE,24HOUR 48HOUR CODE,COVERAGE FROM DATE,COVERAGE THROUGH DATE,TOTAL CONTRIBUTION,TOTAL INDEPENDENT EXPENDITURE,PERSON COMPLETING LAST NAME,PERSON COMPLETING FIRST NAME,PERSON COMPLETING MIDDLE NAME,PERSON COMPLETING PREFIX,PERSON COMPLETING SUFFIX,DATE SIGNED,,,,,,,,,,,,,,,,,,,,,,,,,,,,,,,,,,,,,,,,,,,,,,,,,,,,,,,,,,,,,,,,,,,,,,,,,,,,,,,,,,,,,,,,,,,,,,,,,,,,,,,,,,,,,,,,,,,,,,,,,,,,,,,,,,,,,,,,,,,,,,,,,,,,,,,,,,,,,,,,,,,,,,,,,,,,,,,,
F56,FORM TYPE ,FILER COMMITTEE ID NUMBER,TRANSACTION ID NUMBER,ENTITY TYPE,CONTRIBUTOR ORGANIZATION NAME ,CONTRIBUTOR LAST NAME,CONTRIBUTOR FIRST NAME,CONTRIBUTOR MIDDLE NAME,CONTRIBUTOR PREFIX,CONTRIBUTOR SUFFIX,CONTRIBUTOR STREET  1,CONTRIBUTOR STREET  2,CONTRIBUTOR CITY,CONTRIBUTOR STATE,CONTRIBUTOR ZIP,CONTRIBUTOR COMMITTEE FEC ID,CONTRIBUTION DATE ,CONTRIBUTION AMOUNT,CONTRIBUTOR EMPLOYER,CONTRIBUTOR OCCUPATION,,,,,,,,,,,,,,,,,,,,,,,,,,,,,,,,,,,,,,,,,,,,,,,,,,,,,,,,,,,,,,,,,,,,,,,,,,,,,,,,,,,,,,,,,,,,,,,,,,,,,,,,,,,,,,,,,,,,,,,,,,,,,,,,,,,,,,,,,,,,,,,,,,,,,,,,,,,,,,,,,,,,,,,,,,,,,,,,,,,,,,,,,,
F57,FORM TYPE,FILER COMMITTEE ID NUMBER,TRANSACTION ID NUMBER,ENTITY TYPE,PAYEE ORGANIZATION NAME,PAYEE LAST NAME,PAYEE FIRST NAME,PAYEE MIDDLE NAME,PAYEE PREFIX,PAYEE SUFFIX,PAYEE STREET  1,PAYEE STREET  2,PAYEE CITY,PAYEE STATE,PAYEE ZIP,ELECTION CODE,ELECTION OTHER DESCRIPTION ,EXPENDITURE DATE,EXPENDITURE AMOUNT,CALENDAR Y-T-D (per election/office),EXPENDITURE PURPOSE DESCRIP,CATEGORY CODE,PAYEE CMTTE FEC ID NUMBER,SUPPORT/OPPOSE CODE  ,S/O CANDIDATE ID NUMBER,S/O CANDIDATE LAST NAME,S/O CANDIDATE FIRST NAME,S/O CANDINATE MIDDLE NAME,S/O CANDIDATE PREFIX,S/O CANDIDATE SUFFIX,S/O CANDIDATE OFFICE,S/O CANDIDATE STATE,S/O CANDIDATE DISTRICT,,,,,,,,,,,,,,,,,,,,,,,,,,,,,,,,,,,,,,,,,,,,,,,,,,,,,,,,,,,,,,,,,,,,,,,,,,,,,,,,,,,,,,,,,,,,,,,,,,,,,,,,,,,,,,,,,,,,,,,,,,,,,,,,,,,,,,,,,,,,,,,,,,,,,,,,,,,,,,,,,,,,,,,,,,,,
F6,FORM TYPE,FILER COMMITTEE ID NUMBER,COMMITTEE NAME,STREET  1,STREET  2,CITY,STATE,ZIP,CANDIDATE ID NUMBER,CANDIDATE LAST NAME,CANDIDATE FIRST NAME,CANDIDATE MIDDLE NAME,CANDIDATE PREFIX,CANDIDATE SUFFIX,CANDIDATE OFFICE,CANDIDATE STATE ,CANDIDATE DISTRICT,SIGNER LAST NAME,SIGNER FIRST NAME,SIGNER MIDDLE NAME,SIGNER PREFIX,SIGNER SUFFIX,DATE SIGNED,,,,,,,,,,,,,,,,,,,,,,,,,,,,,,,,,,,,,,,,,,,,,,,,,,,,,,,,,,,,,,,,,,,,,,,,,,,,,,,,,,,,,,,,,,,,,,,,,,,,,,,,,,,,,,,,,,,,,,,,,,,,,,,,,,,,,,,,,,,,,,,,,,,,,,,,,,,,,,,,,,,,,,,,,,,,,,,,,,,,,,,
F65,FORM TYPE,FILER COMMITTEE ID NUMBER,TRANSACTION ID NUMBER,ENTITY TYPE,CONTRIBUTOR ORGANIZATION NAME ,CONTRIBUTOR LAST NAME,CONTRIBUTOR FIRST NAME,CONTRIBUTOR MIDDLE NAME,CONTRIBUTOR PREFIX,CONTRIBUTOR SUFFIX,CONTRIBUTOR STREET  1,CONTRIBUTOR STREET  2,CONTRIBUTOR CITY,CONTRIBUTOR STATE,CONTRIBUTOR ZIP,CONTRIBUTOR COMMITTEE FEC ID,CONTRIBUTION DATE,CONTRIBUTION AMOUNT,CONTRIBUTOR EMPLOYER,CONTRIBUTOR OCCUPATION,,,,,,,,,,,,,,,,,,,,,,,,,,,,,,,,,,,,,,,,,,,,,,,,,,,,,,,,,,,,,,,,,,,,,,,,,,,,,,,,,,,,,,,,,,,,,,,,,,,,,,,,,,,,,,,,,,,,,,,,,,,,,,,,,,,,,,,,,,,,,,,,,,,,,,,,,,,,,,,,,,,,,,,,,,,,,,,,,,,,,,,,,,
F7,FORM TYPE,FILER COMMITTEE ID NUMBER,ORGANIZATION NAME,ORGANIZATION STREET  1,ORGANIZATION STREET  2,ORGANIZATION CITY,ORGANIZATION STATE,ORGANIZATION ZIP,ORGANIZATION TYPE,REPORT CODE,DATE OF ELECTION,STATE OF ELECTION,COVERAGE FROM DATE,COVERAGE THROUGH DATE,TOTAL COSTS,PERSON DESIGNATED TO SIGN LAST NAME,PERSON DESIGNATED TO SIGN FIRST NAME,PERSON DESIGNATED TO SIGN MIDDLE NAME,PERSON DESIGNATED TO SIGN PREFIX,PERSON DESIGNATED TO SIGN SUFFIX,PERSON DESIGNATED TO SIGN TITLE,DATE SIGNED,,,,,,,,,,,,,,,,,,,,,,,,,,,,,,,,,,,,,,,,,,,,,,,,,,,,,,,,,,,,,,,,,,,,,,,,,,,,,,,,,,,,,,,,,,,,,,,,,,,,,,,,,,,,,,,,,,,,,,,,,,,,,,,,,,,,,,,,,,,,,,,,,,,,,,,,,,,,,,,,,,,,,,,,,,,,,,,,,,,,,,,,
F76,FORM TYPE,FILER COMMITTEE ID NUMBER,TRANSACTION ID NUMBER,COMMUNICATION TYPE,COMMUNICATION TYPE - OTHER DESCRIPTION,COMMUNICATION CLASS,COMMUNICATION DATE,COMMUNICATION COST (per candidate),ELECTION CODE,ELECTION OTHER DESCRIPTION ,SUPPORT/OPPOSE ,S/O CANDIDATE ID NUMBER,S/O CANDIDATE LAST NAME,S/O CANDIDATE FIRST NAME,S/O CANDIDATE MIDDLE NAME,S/O CANDIDATE PREFIX,S/O CANDIDATE SUFFIX,S/O CANDIDATE OFFICE,S/O CANDIDATE STATE ,S/O CANDIDATE DISTRICT,,,,,,,,,,,,,,,,,,,,,,,,,,,,,,,,,,,,,,,,,,,,,,,,,,,,,,,,,,,,,,,,,,,,,,,,,,,,,,,,,,,,,,,,,,,,,,,,,,,,,,,,,,,,,,,,,,,,,,,,,,,,,,,,,,,,,,,,,,,,,,,,,,,,,,,,,,,,,,,,,,,,,,,,,,,,,,,,,,,,,,,,,,
F9,FORM TYPE,FILER COMMITTEE ID NUMBER,ENTITY TYPE,ORGANIZATION NAME ,INDIVIDUAL LAST NAME,INDIVIDUAL FIRST NAME,INDIVIDUAL MIDDLE NAME,INDIVIDUAL PREFIX,INDIVIDUAL SUFFIX,CHANGE OF ADDRESS,STREET 1,STREET 2,CITY,STATE,ZIP,INDIVIDUAL EMPLOYER,INDIVIDUAL OCCUPATION,COVERAGE FROM DATE,COVERAGE THROUGH DATE,DATE OF PUBLIC DISTRIBUTION,COMMUNICATION TITLE,FILER CODE,FILER CODE DESCRIPTION,SEGREGATED BANK ACCOUNT,CUSTODIAN LAST NAME,CUSTODIAN FIRST NAME,CUSTODIAN MIDDLE NAME,CUSTODIAN PREFIX,CUSTODIAN SUFFIX,CUSTODIAN STREET 1,CUSTODIAN STREET 2,CUSTODIAN CITY,CUSTODIAN STATE,CUSTODIAN ZIP,CUSTODIAN EMPLOYER,CUSTODIAN OCCUPATION,9. TOTAL DONATIONS THIS STATEMENT,10. TOTAL DISB./OBLIG. THIS STATEMENT,PERSON COMPLETING LAST NAME,PERSON COMPLETING FIRST NAME,PERSON COMPLETING MIDDLE NAME,PERSON COMPLETING PREFIX,PERSON COMPLETING SUFFIX,DATE SIGNED,,,,,,,,,,,,,,,,,,,,,,,,,,,,,,,,,,,,,,,,,,,,,,,,,,,,,,,,,,,,,,,,,,,,,,,,,,,,,,,,,,,,,,,,,,,,,,,,,,,,,,,,,,,,,,,,,,,,,,,,,,,,,,,,,,,,,,,,,,,,,,,,,,,,,,,,,,,,,,,,,,
F91,FORM TYPE,FILER COMMITTEE ID NUMBER,TRANSACTION ID NUMBER,CONTROLLER LAST NAME (Share/Exer Control),CONTROLLER FIRST NAME,CONTROLLER MIDDLE NAME,CONTROLLER PREFIX,CONTROLLER SUFFIX,CONTROLLER STREET 1,CONTROLLER STREET 2,CONTROLLER CITY,CONTROLLER STATE,CONTROLLER ZIP,CONTROLLER EMPLOYER,CONTROLLER OCCUPATION,,,,,,,,,,,,,,,,,,,,,,,,,,,,,,,,,,,,,,,,,,,,,,,,,,,,,,,,,,,,,,,,,,,,,,,,,,,,,,,,,,,,,,,,,,,,,,,,,,,,,,,,,,,,,,,,,,,,,,,,,,,,,,,,,,,,,,,,,,,,,,,,,,,,,,,,,,,,,,,,,,,,,,,,,,,,,,,,,,,,,,,,,,,,,,,
F92,FORM TYPE,FILER COMMITTEE ID NUMBER,TRANSACTION ID NUMBER,BACK REFERENCE TRAN ID NUMBER,BACK REFERENCE SCHED NAME,ENTITY TYPE,DONOR ORGANIZATION NAME,DONOR LAST NAME,DONOR FIRST NAME,DONOR MIDDLE NAME,DONOR PREFIX,DONOR SUFFIX,DONOR STREET  1,DONOR STREET  2,DONOR CITY,DONOR STATE,DONOR ZIP,DATE RECEIVED,AMOUNT RECEIVED,,,,,,,,,,,,,,,,,,,,,,,,,,,,,,,,,,,,,,,,,,,,,,,,,,,,,,,,,,,,,,,,,,,,,,,,,,,,,,,,,,,,,,,,,,,,,,,,,,,,,,,,,,,,,,,,,,,,,,,,,,,,,,,,,,,,,,,,,,,,,,,,,,,,,,,,,,,,,,,,,,,,,,,,,,,,,,,,,,,,,,,,,,,
F93,FORM TYPE,FILER COMMITTEE ID NUMBER,TRANSACTION ID NUMBER,BACK REFERENCE TRAN ID NUMBER,BACK REFERENCE SCHED NAME,ENTITY TYPE,PAYEE ORGANIZATION NAME,PAYEE LAST NAME,PAYEE FIRST NAME,PAYEE MIDDLE NAME,PAYEE PREFIX,PAYEE SUFFIX,PAYEE STREET  1,PAYEE STREET  2,PAYEE CITY,PAYEE STATE,PAYEE ZIP,ELECTION CODE,ELECTION OTHER DESCRIPTION ,EXPENDITURE DATE,EXPENDITURE AMOUNT,EXPENDITURE PURPOSE DESCRIP,PAYEE EMPLOYER,PAYEE OCCUPATION,COMMUNICATION DATE,,,,,,,,,,,,,,,,,,,,,,,,,,,,,,,,,,,,,,,,,,,,,,,,,,,,,,,,,,,,,,,,,,,,,,,,,,,,,,,,,,,,,,,,,,,,,,,,,,,,,,,,,,,,,,,,,,,,,,,,,,,,,,,,,,,,,,,,,,,,,,,,,,,,,,,,,,,,,,,,,,,,,,,,,,,,,,,,,,,,
F94,FORM TYPE,FILER COMMITTEE ID NUMBER,TRANSACTION ID NUMBER,BACK REFERENCE TRAN ID,BACK REFERENCE SCHED NAME,CANDIDATE ID NUMBER,CANDIDATE LAST NAME,CANDIDATE FIRST NAME,CANDIDATE MIDDLE NAME,CANDIDATE PREFIX,CANDIDATE SUFFIX,CANDIDATE OFFICE,CANDIDATE STATE ,CANDIDATE DIST,ELECTION CODE,ELECTION OTHER DESCRIPTION ,,,,,,,,,,,,,,,,,,,,,,,,,,,,,,,,,,,,,,,,,,,,,,,,,,,,,,,,,,,,,,,,,,,,,,,,,,,,,,,,,,,,,,,,,,,,,,,,,,,,,,,,,,,,,,,,,,,,,,,,,,,,,,,,,,,,,,,,,,,,,,,,,,,,,,,,,,,,,,,,,,,,,,,,,,,,,,,,,,,,,,,,,,,,,,
F13,FORM TYPE,FILER COMMITTEE ID NUMBER,COMMITTEE NAME,CHANGE OF ADDRESS,STREET  1,STREET  2,CITY,STATE,ZIP,REPORT CODE,AMENDMENT DATE,COVERAGE FROM DATE,COVERAGE THROUGH DATE,5 TOTAL DONATIONS ACCEPTED,6 TOTAL DONATIONS REFUNDED,7 NET DONATIONS,DESIGNATED LAST NAME,DESIGNATED FIRST NAME,DESIGNATED MIDDLE NAME,DESIGNATED PREFIX,DESIGNATED SUFFIX,DATE SIGNED,,,,,,,,,,,,,,,,,,,,,,,,,,,,,,,,,,,,,,,,,,,,,,,,,,,,,,,,,,,,,,,,,,,,,,,,,,,,,,,,,,,,,,,,,,,,,,,,,,,,,,,,,,,,,,,,,,,,,,,,,,,,,,,,,,,,,,,,,,,,,,,,,,,,,,,,,,,,,,,,,,,,,,,,,,,,,,,,,,,,,,,,
F132,FORM TYPE,FILER COMMITTEE ID NUMBER,TRANSACTION ID NUMBER,BACK REFERENCE TRAN ID NUMBER,BACK REFERENCE SCHED NAME,ENTITY TYPE,CONTRIBUTOR ORGANIZATION NAME,CONTRIBUTOR LAST NAME,CONTRIBUTOR FIRST NAME,CONTRIBUTOR MIDDLE NAME,CONTRIBUTOR PREFIX,CONTRIBUTOR SUFFIX,CONTRIBUTOR STREET  1,CONTRIBUTOR STREET  2,CONTRIBUTOR CITY,CONTRIBUTOR STATE,CONTRIBUTOR ZIP,DONATION DATE,DONATION AMOUNT,DONATION AGGREGATE AMOUNT,MEMO CODE,MEMO TEXT/DESCRIPTION,,,,,,,,,,,,,,,,,,,,,,,,,,,,,,,,,,,,,,,,,,,,,,,,,,,,,,,,,,,,,,,,,,,,,,,,,,,,,,,,,,,,,,,,,,,,,,,,,,,,,,,,,,,,,,,,,,,,,,,,,,,,,,,,,,,,,,,,,,,,,,,,,,,,,,,,,,,,,,,,,,,,,,,,,,,,,,,,,,,,,,,,
F133,FORM TYPE,FILER COMMITTEE ID NUMBER,TRANSACTION ID NUMBER,BACK REFERENCE TRAN ID NUMBER,BACK REFERENCE SCHED NAME,ENTITY TYPE,CONTRIBUTOR ORGANIZATION NAME,CONTRIBUTOR LAST NAME,CONTRIBUTOR FIRST NAME,CONTRIBUTOR MIDDLE NAME,CONTRIBUTOR PREFIX,CONTRIBUTOR SUFFIX,CONTRIBUTOR STREET  1,CONTRIBUTOR STREET  2,CONTRIBUTOR CITY,CONTRIBUTOR STATE,CONTRIBUTOR ZIP,REFUND DATE,REFUND AMOUNT,MEMO CODE,MEMO TEXT/DESCRIPTION,,,,,,,,,,,,,,,,,,,,,,,,,,,,,,,,,,,,,,,,,,,,,,,,,,,,,,,,,,,,,,,,,,,,,,,,,,,,,,,,,,,,,,,,,,,,,,,,,,,,,,,,,,,,,,,,,,,,,,,,,,,,,,,,,,,,,,,,,,,,,,,,,,,,,,,,,,,,,,,,,,,,,,,,,,,,,,,,,,,,,,,,,
F99,FORM TYPE,FILER COMMITTEE ID NUMBER,COMMITTEE NAME       ,STREET 1,STREET 2,CITY,STATE,ZIP,TREASURER LAST NAME,TREASURER FIRST NAME,TREASURER MIDDLE NAME,TREASURER PREFIX,TREASURER SUFFIX,DATE SIGNED,TEXT CODE,,,,,,,,,,,,,,,,,,,,,,,,,,,,,,,,,,,,,,,,,,,,,,,,,,,,,,,,,,,,,,,,,,,,,,,,,,,,,,,,,,,,,,,,,,,,,,,,,,,,,,,,,,,,,,,,,,,,,,,,,,,,,,,,,,,,,,,,,,,,,,,,,,,,,,,,,,,,,,,,,,,,,,,,,,,,,,,,,,,,,,,,,,,,,,,
SchA,FORM TYPE,FILER COMMITTEE ID NUMBER,TRANSACTION ID ,BACK REFERENCE TRAN ID NUMBER,BACK REFERENCE SCHED NAME,ENTITY TYPE,CONTRIBUTOR ORGANIZATION NAME,CONTRIBUTOR LAST NAME,CONTRIBUTOR FIRST NAME,CONTRIBUTOR MIDDLE NAME,CONTRIBUTOR PREFIX,CONTRIBUTOR SUFFIX,CONTRIBUTOR STREET  1,CONTRIBUTOR STREET  2,CONTRIBUTOR CITY,CONTRIBUTOR STATE,CONTRIBUTOR ZIP,ELECTION CODE,ELECTION OTHER DESCRIPTION ,CONTRIBUTION DATE,CONTRIBUTION AMOUNT {F3L Bundled},"CONTRIBUTION AGGREGATE
{F3L Semi-annual Bundled}",CONTRIBUTION PURPOSE CODE,CONTRIBUTION PURPOSE DESCRIP,CONTRIBUTOR EMPLOYER,CONTRIBUTOR OCCUPATION,DONOR COMMITTEE FEC ID,DONOR COMMITTEE NAME,DONOR CANDIDATE FEC ID,DONOR CANDIDATE LAST NAME,DONOR CANDIDATE FIRST NAME,DONOR CANDIDATE MIDDLE NAME,DONOR CANDIDATE PREFIX,DONOR CANDIDATE SUFFIX,DONOR CANDIDATE OFFICE,DONOR CANDIDATE STATE ,DONOR CANDIDATE DISTRICT,CONDUIT NAME,CONDUIT STREET1,CONDUIT STREET2,CONDUIT CITY,CONDUIT STATE,CONDUIT ZIP,MEMO CODE,MEMO TEXT/DESCRIPTION,Reference to SI or SL system code that identifies the Account,,,,,,,,,,,,,,,,,,,,,,,,,,,,,,,,,,,,,,,,,,,,,,,,,,,,,,,,,,,,,,,,,,,,,,,,,,,,,,,,,,,,,,,,,,,,,,,,,,,,,,,,,,,,,,,,,,,,,,,,,,,,,,,,,,,,,,,,,,,,,,,,,,,,,,,,,,,,,,,,
SchB,FORM TYPE,FILER COMMITTEE ID NUMBER,TRANSACTION ID NUMBER,BACK REFERENCE TRAN ID NUMBER,BACK REFERENCE SCHED NAME,ENTITY TYPE,PAYEE ORGANIZATION NAME,PAYEE LAST NAME,PAYEE FIRST NAME,PAYEE MIDDLE NAME,PAYEE PREFIX,PAYEE SUFFIX,PAYEE STREET  1,PAYEE STREET  2,PAYEE CITY,PAYEE STATE,PAYEE ZIP,ELECTION CODE,ELECTION OTHER DESCRIPTION ,EXPENDITURE DATE,EXPENDITURE AMOUNT {F3L Bundled},SEMI-ANNUAL REFUNDED BUNDLED AMT,EXPENDITURE PURPOSE DESCRIP,CATEGORY CODE,BENEFICIARY COMMITTEE FEC ID,BENEFICIARY COMMITTEE NAME,BENEFICIARY CANDIDATE FEC ID,BENEFICIARY CANDIDATE LAST NAME,BENEFICIARY CANDIDATE FIRST NAME,BENEFICIARY CANDIDATE MIDDLE NAME,BENEFICIARY CANDIDATE PREFIX,BENEFICIARY CANDIDATE SUFFIX,BENEFICIARY CANDIDATE OFFICE,BENEFICIARY CANDIDATE STATE ,BENEFICIARY CANDIDATE DISTRICT,CONDUIT NAME,CONDUIT STREET 1,CONDUIT STREET 2,CONDUIT CITY,CONDUIT STATE,CONDUIT ZIP,MEMO CODE,MEMO TEXT/DESCRIPTION,Reference to SI or SL system code that identifies the Account,,,,,,,,,,,,,,,,,,,,,,,,,,,,,,,,,,,,,,,,,,,,,,,,,,,,,,,,,,,,,,,,,,,,,,,,,,,,,,,,,,,,,,,,,,,,,,,,,,,,,,,,,,,,,,,,,,,,,,,,,,,,,,,,,,,,,,,,,,,,,,,,,,,,,,,,,,,,,,,,,
SchC,FORM TYPE,FILER COMMITTEE ID NUMBER,TRANSACTION ID NUMBER,RECEIPT LINE NUMBER,ENTITY TYPE,LENDER ORGANIZATION NAME,LENDER LAST NAME,LENDER FIRST NAME,LENDER MIDDLE NAME,LENDER PREFIX,LENDER SUFFIX,LENDER STREET  1,LENDER STREET  2,LENDER CITY,LENDER STATE,LENDER ZIP,ELECTION CODE,ELECTION OTHER DESCRIPTION ,LOAN AMOUNT (Original),LOAN PAYMENT TO DATE,LOAN BALANCE,LOAN INCURRED DATE (Terms),LOAN DUE DATE (Terms),LOAN INTEREST RATE % (Terms),YES/NO (Secured?),YES/NO (Personal Funds),LENDER COMMITTEE ID NUMBER,LENDER CANDIDATE ID NUMBER,LENDER CANDIDATE LAST NAME,LENDER CANDIDATE FIRST NAME,LENDER CANDIDATE MIDDLE NM,LENDER CANDIDATE PREFIX,LENDER CANDIDATE SUFFIX,LENDER CANDIDATE OFFICE,LENDER CANDIDATE STATE ,LENDER CANDIDATE DISTRICT,MEMO CODE,MEMO TEXT/DESCRIPTION,,,,,,,,,,,,,,,,,,,,,,,,,,,,,,,,,,,,,,,,,,,,,,,,,,,,,,,,,,,,,,,,,,,,,,,,,,,,,,,,,,,,,,,,,,,,,,,,,,,,,,,,,,,,,,,,,,,,,,,,,,,,,,,,,,,,,,,,,,,,,,,,,,,,,,,,,,,,,,,,,,,,,,,,
SchC1,FORM TYPE,FILER COMMITTEE ID NUMBER,TRANSACTION ID NUMBER,BACK REFERENCE TRAN ID NUMBER,LENDER ORGANIZATION NAME,LENDER STREET  1,LENDER STREET  2,LENDER CITY,LENDER STATE,LENDER ZIP,LOAN AMOUNT,LOAN INTEREST RATE %,LOAN INCURRED DATE,LOAN DUE DATE,A1.YES/NO (Loan Restructured?),A2. LOAN INCCURED DATE (Original),B.1. CREDIT AMOUNT THIS DRAW,B.2. TOTAL BALANCE,C. YES/NO (Others liable?),D. YES/NO (Collateral?),"D.1 DESCRIPTION  (IF YES, Specify)",D.2 COLLATERAL VALUE/AMOUNT,D.3 YES/NO  (Perfected Interest?),E.1 YES/NO  (Future Income?),"E.2  DESCRIPTION  (IF YES, Specify)",E.3 ESTIMATED VALUE,E.4 ESTABLISHED DATE (Depository account),E.5 ACCOUNT LOCATION NAME,E.6 STREET  1,E.7 STREET  2,E.8 CITY,E.9 STATE,E.10 ZIP,E.11 DEPOSIT ACCT AUTH DATE (Presidential),F. BASIS OF LOAN DESCRIPTION,G. TREASURER LAST NAME,G. TREASURER FIRST NAME,G. TREASURER MIDDLE NAME,G. TREASURER PREFIX,G. TREASURER SUFFIX,G. DATE SIGNED,H. AUTHORIZED LAST NAME,H. AUTHORIZED FIRST NAME,H. AUTHORIZED MIDDLE NAME,H. AUTHORIZED PREFIX,H. AUTHORIZED SUFFIX,H. AUTHORIZED TITLE,H. DATE SIGNED,,,,,,,,,,,,,,,,,,,,,,,,,,,,,,,,,,,,,,,,,,,,,,,,,,,,,,,,,,,,,,,,,,,,,,,,,,,,,,,,,,,,,,,,,,,,,,,,,,,,,,,,,,,,,,,,,,,,,,,,,,,,,,,,,,,,,,,,,,,,,,,,,,,,,,,,,,,,,,
SchC2,FORM TYPE,FILER COMMITTEE ID NUMBER,TRANSACTION ID NUMBER,BACK REFERENCE TRAN ID NUMBER,GUARANTOR LAST NAME,GUARANTOR FIRST NAME,GUARANTOR MIDDLE NAME,GUARANTOR PREFIX,GUARANTOR SUFFIX,GUARANTOR STREET 1,GUARANTOR STREET 2,GUARANTOR CITY,GUARANTOR STATE,GUARANTOR ZIP,GUARANTOR EMPLOYER,GUARANTOR OCCUPATION,GUARANTEED AMOUNT,,,,,,,,,,,,,,,,,,,,,,,,,,,,,,,,,,,,,,,,,,,,,,,,,,,,,,,,,,,,,,,,,,,,,,,,,,,,,,,,,,,,,,,,,,,,,,,,,,,,,,,,,,,,,,,,,,,,,,,,,,,,,,,,,,,,,,,,,,,,,,,,,,,,,,,,,,,,,,,,,,,,,,,,,,,,,,,,,,,,,,,,,,,,,
SchD,FORM TYPE,FILER COMMITTEE ID NUMBER,TRANSACTION ID NUMBER,ENTITY TYPE,CREDITOR ORGANIZATION NAME,CREDITOR LAST NAME,CREDITOR FIRST NAME,CREDITOR MIDDLE NAME,CREDITOR PREFIX,CREDITOR SUFFIX,CREDITOR STREET  1,CREDITOR STREET  2,CREDITOR CITY,CREDITOR STATE,CREDITOR ZIP,PURPOSE OF DEBT OR OBLIGATION,BEGINNING BALANCE (This Period),INCURRED AMOUNT (This Period),PAYMENT AMOUNT (This Period),BALANCE AT CLOSE  (This Period),,,,,,,,,,,,,,,,,,,,,,,,,,,,,,,,,,,,,,,,,,,,,,,,,,,,,,,,,,,,,,,,,,,,,,,,,,,,,,,,,,,,,,,,,,,,,,,,,,,,,,,,,,,,,,,,,,,,,,,,,,,,,,,,,,,,,,,,,,,,,,,,,,,,,,,,,,,,,,,,,,,,,,,,,,,,,,,,,,,,,,,,,,
SchE,FORM TYPE,FILER COMMITTEE ID NUMBER,TRANSACTION ID NUMBER,BACK REFERENCE TRAN ID NUMBER,BACK REFERENCE SCHED NAME,ENTITY TYPE,PAYEE ORGANIZATION NAME,PAYEE LAST NAME,PAYEE FIRST NAME,PAYEE MIDDLE NAME,PAYEE PREFIX,PAYEE SUFFIX,PAYEE STREET  1,PAYEE STREET  2,PAYEE CITY,PAYEE STATE,PAYEE ZIP,ELECTION CODE,ELECTION OTHER DESCRIPTION ,EXPENDITURE DATE,EXPENDITURE AMOUNT,CALENDAR Y-T-D (per election/office),EXPENDITURE PURPOSE DESCRIP,CATEGORY CODE,PAYEE CMTTE FEC ID NUMBER,SUPPORT/OPPOSE CODE  ,S/O CANDIDATE ID NUMBER,S/O CANDIDATE LAST NAME,S/O CANDIDATE FIRST NAME,S/O CANDINATE MIDDLE NAME,S/O CANDIDATE PREFIX,S/O CANDIDATE SUFFIX,S/O CANDIDATE OFFICE,S/O CANDIDATE STATE,S/O CANDIDATE DISTRICT,COMPLETING LAST NAME,COMPLETING FIRST NAME,COMPLETING MIDDLE NAME,COMPLETING PREFIX,COMPLETING SUFFIX,DATE SIGNED,MEMO CODE,MEMO TEXT/DESCRIPTION,,,,,,,,,,,,,,,,,,,,,,,,,,,,,,,,,,,,,,,,,,,,,,,,,,,,,,,,,,,,,,,,,,,,,,,,,,,,,,,,,,,,,,,,,,,,,,,,,,,,,,,,,,,,,,,,,,,,,,,,,,,,,,,,,,,,,,,,,,,,,,,,,,,,,,,,,,,,,,,,,,
SchF,FORM TYPE,FILER COMMITTEE ID NUMBER,TRANSACTION ID NUMBER,BACK REFERENCE TRAN ID NUMBER,BACK REFERENCE SCHED NAME,YES/NO  (Has filer been designated to make Coordinated Expenditures?),DESIGNATING COMMITTEE ID NUMBER,DESIGNATING COMMITTEE NAME,SUBORDINATE COMMITTEE ID NUMBER,SUBORDINATE COMMITTEE NAME,SUBORDINATE STREET  1,SUBORDINATE STREET  2,SUBORDINATE CITY,SUBORDINATE STATE,SUBORDINATE ZIP,ENTITY TYPE,PAYEE ORGANIZATION NAME,PAYEE LAST NAME,PAYEE FIRST NAME,PAYEE MIDDLE NAME,PAYEE PREFIX,PAYEE SUFFIX,PAYEE STREET  1,PAYEE STREET  2,PAYEE CITY,PAYEE STATE,PAYEE ZIP,EXPENDITURE DATE,EXPENDITURE AMOUNT,AGGREGATE GENERAL ELEC EXPENDED,EXPENDITURE PURPOSE DESCRIP,CATEGORY CODE,PAYEE COMMITTEE ID NUMBER,PAYEE CANDIDATE ID NUMBER,PAYEE CANDIDATE LAST NAME,PAYEE CANDIDATE FIRST NAME,PAYEE CANDIDATE MIDDLE NAME,PAYEE CANDIDATE PREFIX,PAYEE CANDIDATE SUFFIX,PAYEE CANDIDATE OFFICE,PAYEE CANDIDATE STATE ,PAYEE CANDIDATE DISTRICT,MEMO CODE,MEMO TEXT/DESCRIPTION,,,,,,,,,,,,,,,,,,,,,,,,,,,,,,,,,,,,,,,,,,,,,,,,,,,,,,,,,,,,,,,,,,,,,,,,,,,,,,,,,,,,,,,,,,,,,,,,,,,,,,,,,,,,,,,,,,,,,,,,,,,,,,,,,,,,,,,,,,,,,,,,,,,,,,,,,,,,,,,,,
SchH1,FORM TYPE,FILER COMMITTEE ID NUMBER,TRANSACTION ID NUMBER,State and Local Party Committee Presidential-Only Election Year (28% Federal),State and Local Party Committee Presidential and Senate Election Year (36% Federal),State and Local Party Committee Senate-Only Election Year (21% Federal),State and Local Party Committee Non-Presidential and Non-Senate Election Year (15% Federal),FLAT MINIMUM FEDERAL PERCENTAGE ,FEDERAL PERCENT,NONFEDERAL PERCENT ,ADMINISTRATIVE RATIO APPLIES ,GENERIC VOTER DRIVE RATIO APPLIES,PUBLIC COMMUNICATIONS REFERENCING PARTY ONLY RATIO APPLIES,,,,,,,,,,,,,,,,,,,,,,,,,,,,,,,,,,,,,,,,,,,,,,,,,,,,,,,,,,,,,,,,,,,,,,,,,,,,,,,,,,,,,,,,,,,,,,,,,,,,,,,,,,,,,,,,,,,,,,,,,,,,,,,,,,,,,,,,,,,,,,,,,,,,,,,,,,,,,,,,,,,,,,,,,,,,,,,,,,,,,,,,,,,,,,,,,
SchH2,FORM TYPE,FILER COMMITTEE ID NUMBER,TRANSACTION ID NUMBER,ACTIVITY/EVENT NAME,YES/NO  (Direct Fundraising?),YES/NO  (Direct Candidate Support?),RATIO CODE,FEDERAL PERCENTAGE,NONFEDERAL PERCENTAGE,,,,,,,,,,,,,,,,,,,,,,,,,,,,,,,,,,,,,,,,,,,,,,,,,,,,,,,,,,,,,,,,,,,,,,,,,,,,,,,,,,,,,,,,,,,,,,,,,,,,,,,,,,,,,,,,,,,,,,,,,,,,,,,,,,,,,,,,,,,,,,,,,,,,,,,,,,,,,,,,,,,,,,,,,,,,,,,,,,,,,,,,,,,,,,,,,,,,,
SchH3,FORM TYPE,FILER COMMITTEE ID NUMBER,TRANSACTION ID NUMBER,BACK REFERENCE TRAN ID,ACCOUNT NAME,EVENT TYPE,EVENT/ACTIVITY ID/NAME,RECEIPT DATE,TOTAL AMOUNT TRANSFERRED,TRANSFERRED AMOUNT,,,,,,,,,,,,,,,,,,,,,,,,,,,,,,,,,,,,,,,,,,,,,,,,,,,,,,,,,,,,,,,,,,,,,,,,,,,,,,,,,,,,,,,,,,,,,,,,,,,,,,,,,,,,,,,,,,,,,,,,,,,,,,,,,,,,,,,,,,,,,,,,,,,,,,,,,,,,,,,,,,,,,,,,,,,,,,,,,,,,,,,,,,,,,,,,,,,,
SchH4,FORM TYPE,FILER COMMITTEE ID NUMBER,TRANSACTION ID NUMBER,BACK REFERENCE TRAN ID NUMBER,BACK REFERENCE SCHED NAME,ENTITY TYPE,PAYEE ORGANIZATION NAME,PAYEE LAST NAME,PAYEE FIRST NAME,PAYEE MIDDLE NAME,PAYEE PREFIX,PAYEE SUFFIX,PAYEE STREET  1,PAYEE STREET  2,PAYEE CITY,PAYEE STATE,PAYEE ZIP,ACCOUNT/EVENT IDENTIFIER,EXPENDITURE DATE,TOTAL FED-NONFED AMOUNT,FEDERAL SHARE,NONFEDERAL SHARE,ACTIVITY/EVENT TOTAL YTD,EXPENDITURE PURPOSE DESCRIP,CATEGORY CODE,YES/NO  (Activity is Administrative - Only),YES/NO  (Activity is Direct Fundraising),YES/NO  (Activity is an Exempt Activity),YES/NO  (Activity is Generic Voter Drive - Only),YES/NO  (Activity is Direct Candidate Support),YES/NO  (Activity is Public Communications {Referring Only to Party} Made by PAC,MEMO CODE,MEMO TEXT/DESCRIPTION,,,,,,,,,,,,,,,,,,,,,,,,,,,,,,,,,,,,,,,,,,,,,,,,,,,,,,,,,,,,,,,,,,,,,,,,,,,,,,,,,,,,,,,,,,,,,,,,,,,,,,,,,,,,,,,,,,,,,,,,,,,,,,,,,,,,,,,,,,,,,,,,,,,,,,,,,,,,,,,,,,,,,,,,,,,,
SchH5,FORM TYPE,FILER COMMITTEE ID NUMBER,TRANSACTION ID NUMBER,ACCOUNT NAME,RECEIPT DATE,TOTAL AMOUNT TRANSFERRED ,VOTER REGISTRATION AMOUNT,VOTER ID AMOUNT,GOTV AMOUNT,GENERIC CAMPAIGN AMOUNT,,,,,,,,,,,,,,,,,,,,,,,,,,,,,,,,,,,,,,,,,,,,,,,,,,,,,,,,,,,,,,,,,,,,,,,,,,,,,,,,,,,,,,,,,,,,,,,,,,,,,,,,,,,,,,,,,,,,,,,,,,,,,,,,,,,,,,,,,,,,,,,,,,,,,,,,,,,,,,,,,,,,,,,,,,,,,,,,,,,,,,,,,,,,,,,,,,,,
SchH6,FORM TYPE,FILER COMMITTEE ID NUMBER,TRANSACTION ID NUMBER,BACK REFERENCE TRAN ID NUMBER,BACK REFERENCE SCHED NAME,ENTITY TYPE,PAYEE ORGANIZATION NAME,PAYEE LAST NAME,PAYEE FIRST NAME,PAYEE MIDDLE NAME,PAYEE PREFIX,PAYEE SUFFIX,PAYEE STREET  1,PAYEE STREET  2,PAYEE CITY,PAYEE STATE,PAYEE ZIP,ACCOUNT/EVENT IDENTIFIER,EXPENDITURE DATE,TOTAL FED-LEVIN AMOUNT,FEDERAL SHARE,LEVIN SHARE,ACTIVITY/EVENT TOTAL YTD,EXPENDITURE PURPOSE DESCRIP,CATEGORY CODE,YES/NO  (Activity Is Voter Registration),YES/NO  (Activity GOTV),YES/NO  (Activity Is Voter ID),YES/NO  (Activity is Generic Campaign),MEMO CODE,MEMO TEXT/DESCRIPTION,,,,,,,,,,,,,,,,,,,,,,,,,,,,,,,,,,,,,,,,,,,,,,,,,,,,,,,,,,,,,,,,,,,,,,,,,,,,,,,,,,,,,,,,,,,,,,,,,,,,,,,,,,,,,,,,,,,,,,,,,,,,,,,,,,,,,,,,,,,,,,,,,,,,,,,,,,,,,,,,,,,,,,,,,,,,,,
SchI,FORM TYPE,FILER COMMITTEE ID,TRANSACTION ID NUMBER,RECORD ID NUMBER (for account name),ACCOUNT NAME,Bank Account ID Number,COVERAGE FROM DATE,COVERAGE THROUGH DATE,1.  Total Receipts,2.  Transfers to FED or allocation,3.  Transfers to state/local Party organizations,4.  Direct state/local candidate support,5.  Other Disbursements,6.  Total Disbursements,7.  Beginning COH,8.  Receipts,9.  Subtotal,10. Disbursements,11. Ending COH,1.  Total receipts,2.  Transfers to FED or allocation,3.  Transfers to state/local Party organizations,4.  Direct state/local candidate support,5.  Other Disbursements,6.  Total Disbursements,7.  Beginning COH (as of Jan 1),8.  Receipts,9.  Subtotal,10. Disbursements,11. Ending COH,,,,,,,,,,,,,,,,,,,,,,,,,,,,,,,,,,,,,,,,,,,,,,,,,,,,,,,,,,,,,,,,,,,,,,,,,,,,,,,,,,,,,,,,,,,,,,,,,,,,,,,,,,,,,,,,,,,,,,,,,,,,,,,,,,,,,,,,,,,,,,,,,,,,,,,,,,,,,,,,,,,,,,,,,,,,,,,,
SchL,FORM TYPE,FILER COMMITTEE ID,TRANSACTION ID NUMBER,RECORD ID NUMBER (for account name),ACCOUNT NAME,COVERAGE FROM DATE,COVERAGE THROUGH DATE,1a. Itemized Receipts From Persons,1b. Unitemized Receipts From Persons,1c. Total Receipts From Persons,2. OTHER RECEIPTS,3. TOTAL RECEIPTS,4(a). Voter Registration DISBURSEMENTS,4(b). Voter ID DISBURSEMENTS,4(c). GOTV DISBURSEMENTS,4(d). Generic Campaign DISBURSEMENTS,4(e) Line 4 Total ,5. OTHER DISBURSEMENTS,6. TOTAL DISBURSEMENTS,7. CASH ON HAND (Beginning),8. RECEIPTS,9. SUBTOTAL,10. DISBURSEMENTS,11. ENDING CASH ON HAND,1a. Itemized Receipts From Persons,1b. Unitemized Receipts From Persons,1c. Total Receipts From Persons,2. OTHER RECEIPTS,3. TOTAL RECEIPTS,4(a). Voter Registration DISBURSEMENTS,4(b). Voter ID DISBURSEMENTS,4(c). GOTV DISBURSEMENTS,4(d). Generic Campaign DISBURSEMENTS,4(e) Line 4 Total ,5. OTHER DISBURSEMENTS,6. TOTAL DISBURSEMENTS,7. CASH ON HAND as of Jan 1,8. RECEIPTS,9. SUBTOTAL,10. DISBURSEMENTS,11. ENDING CASH ON HAND,,,,,,,,,,,,,,,,,,,,,,,,,,,,,,,,,,,,,,,,,,,,,,,,,,,,,,,,,,,,,,,,,,,,,,,,,,,,,,,,,,,,,,,,,,,,,,,,,,,,,,,,,,,,,,,,,,,,,,,,,,,,,,,,,,,,,,,,,,,,,,,,,,,,,,,,,,,,,,,,,,,,,
TEXT,REC TYPE,FILER COMMITTEE ID NUMBER,TRANSACTION ID NUMBER,BACK REFERENCE TRAN ID NUMBER,BACK REFERENCE SCHED / FORM NAME,TEXT4000,,,,,,,,,,,,,,,,,,,,,,,,,,,,,,,,,,,,,,,,,,,,,,,,,,,,,,,,,,,,,,,,,,,,,,,,,,,,,,,,,,,,,,,,,,,,,,,,,,,,,,,,,,,,,,,,,,,,,,,,,,,,,,,,,,,,,,,,,,,,,,,,,,,,,,,,,,,,,,,,,,,,,,,,,,,,,,,,,,,,,,,,,,,,,,,,,,,,,,,,
